Movie Name,Release Year,Rating,Original Title,Genres,Runtime (min),Plot,Directors,Cast,Certificate,Metascore,Image URL,Vote Count,Have Episodes
Bố Già,1972,9.2,The Godfather,"Crime, Drama",175,The aging patriarch of an organized crime dynasty transfers control of his clandestine empire to his reluctant son.,Francis Ford Coppola,"Marlon Brando, Al Pacino, James Caan, Diane Keaton",R,100,https://m.media-amazon.com/images/M/MV5BYTJkNGQyZDgtZDQ0NC00MDM0LWEzZWQtYzUzZDEwMDljZWNjXkEyXkFqcGc@._V1_.jpg,2056153,False
Kỵ Sĩ Bóng Đêm,2008,9.0,The Dark Knight,"Action, Crime, Drama",152,"When a menace known as the Joker wreaks havoc and chaos on the people of Gotham, Batman, James Gordon and Harvey Dent must work together to put an end to the madness.",Christopher Nolan,"Christian Bale, Heath Ledger, Aaron Eckhart, Michael Caine",PG-13,84,https://m.media-amazon.com/images/M/MV5BMTMxNTMwODM0NF5BMl5BanBnXkFtZTcwODAyMTk2Mw@@._V1_.jpg,2930683,False
Hố Đen Tử Thần,2014,8.7,Interstellar,"Adventure, Drama, Sci-Fi",169,"When Earth becomes uninhabitable in the future, a farmer and ex-NASA pilot, Joseph Cooper, is tasked to pilot a spacecraft, along with a team of researchers, to find a new planet for humans.",Christopher Nolan,"Matthew McConaughey, Anne Hathaway, Jessica Chastain, Mackenzie Foy",C13,74,https://m.media-amazon.com/images/M/MV5BYzdjMDAxZGItMjI2My00ODA1LTlkNzItOWFjMDU5ZDJlYWY3XkEyXkFqcGc@._V1_.jpg,2171818,False
Ma Trận,1999,8.7,The Matrix,"Action, Sci-Fi",136,"When a beautiful stranger leads computer hacker Neo to a forbidding underworld, he discovers the shocking truth--the life he knows is the elaborate deception of an evil cyber-intelligence.","Lana Wachowski, Lilly Wachowski","Keanu Reeves, Laurence Fishburne, Carrie-Anne Moss, Hugo Weaving",C16,73,https://m.media-amazon.com/images/M/MV5BZWEzNzg2ZjktZTAzYy00Yzc5LTgzMWUtOGNmN2NhOWE3NmU1XkEyXkFqcGc@._V1_.jpg,2094475,False
Joker,2019,8.4,Joker,"Crime, Drama, Thriller",122,"Arthur Fleck, a party clown and a failed stand-up comedian, leads an impoverished life with his ailing mother. However, when society shuns him and brands him as a freak, he decides to embrace the life of chaos in Gotham City.",Todd Phillips,"Joaquin Phoenix, Robert De Niro, Zazie Beetz, Frances Conroy",C18,59,https://m.media-amazon.com/images/M/MV5BNzY3OWQ5NDktNWQ2OC00ZjdlLThkMmItMDhhNDk3NTFiZGU4XkEyXkFqcGc@._V1_.jpg,1545548,False
Sàn Đấu Sinh Tử,1999,8.8,Fight Club,Drama,139,An insomniac office worker and a devil-may-care soap maker form an underground fight club that evolves into much more.,David Fincher,"Brad Pitt, Edward Norton, Meat Loaf, Zach Grenier",R,67,https://m.media-amazon.com/images/M/MV5BOTgyOGQ1NDItNGU3Ny00MjU3LTg2YWEtNmEyYjBiMjI1Y2M5XkEyXkFqcGc@._V1_.jpg,2381577,False
Kẻ Đánh Cắp Giấc Mơ,2010,8.8,Inception,"Action, Adventure, Sci-Fi",148,"A thief who steals corporate secrets through the use of dream-sharing technology is given the inverse task of planting an idea into the mind of a C.E.O., but his tragic past may doom the project and his team to disaster.",Christopher Nolan,"Leonardo DiCaprio, Joseph Gordon-Levitt, Elliot Page, Ken Watanabe",P,74,https://m.media-amazon.com/images/M/MV5BMjAxMzY3NjcxNF5BMl5BanBnXkFtZTcwNTI5OTM0Mw@@._V1_.jpg,2601348,False
Ông Trùm Mặt Sẹo,1983,8.3,Scarface,"Crime, Drama",170,"Miami in the 1980s: a determined criminal-minded Cuban immigrant becomes the biggest drug smuggler in Florida, and is eventually undone by his own drug addiction.",Brian De Palma,"Al Pacino, Michelle Pfeiffer, Steven Bauer, Mary Elizabeth Mastrantonio",R,65,https://m.media-amazon.com/images/M/MV5BNDUzYjY0NmUtMDM4OS00Y2Q5LWJiODYtNTk0ZTk0YjZhMTg1XkEyXkFqcGc@._V1_.jpg,935865,False
Cộng Đồng Trong Tuyết,2023,7.8,La sociedad de la nieve,"Adventure, Biography, Drama",144,The flight of a rugby team crashes on a glacier in the Andes. The few passengers who survive the crash find themselves in one of the world's toughest environments to survive.,J.A. Bayona,"Enzo Vogrincic, Agustín Pardella, Matías Recalt, Esteban Bigliardi",T18,72,https://m.media-amazon.com/images/M/MV5BZmYyZjQ5ZjctZjgxZS00NGFhLThiMzEtZGRlYTU2OWViMzNjXkEyXkFqcGc@._V1_.jpg,147388,False
Kỵ Sĩ Bóng Đêm Trỗi Dậy,2012,8.4,The Dark Knight Rises,"Action, Drama, Thriller",164,"Bane, an imposing terrorist, attacks Gotham City and disrupts its eight-year-long period of peace. This forces Bruce Wayne to come out of hiding and don the cape and cowl of Batman again.",Christopher Nolan,"Christian Bale, Tom Hardy, Anne Hathaway, Gary Oldman",PG-13,78,https://m.media-amazon.com/images/M/MV5BMTk4ODQzNDY3Ml5BMl5BanBnXkFtZTcwODA0NTM4Nw@@._V1_.jpg,1861746,False
Sói Già Phố Wall,2013,8.2,The Wolf of Wall Street,"Biography, Comedy, Crime",180,"Based on the true story of Jordan Belfort, from his rise to a wealthy stock-broker living the high life to his fall involving crime, corruption and the federal government.",Martin Scorsese,"Leonardo DiCaprio, Jonah Hill, Margot Robbie, Matthew McConaughey",R,75,https://m.media-amazon.com/images/M/MV5BMjIxMjgxNTk0MF5BMl5BanBnXkFtZTgwNjIyOTg2MDE@._V1_.jpg,1624585,False
Người Về Từ Cõi Chết,2015,8.0,The Revenant,"Action, Adventure, Drama",156,A frontiersman on a fur trading expedition in the 1820s fights for survival after being mauled by a bear and left for dead by members of his own hunting team.,Alejandro G. Iñárritu,"Leonardo DiCaprio, Tom Hardy, Will Poulter, Domhnall Gleeson",R,76,https://m.media-amazon.com/images/M/MV5BYTgwNmQzZDctMjNmOS00OTExLTkwM2UtNzJmOTJhODFjOTdlXkEyXkFqcGc@._V1_.jpg,889890,False
Hãy Bắt Tôi Nếu Có Thể,2002,8.1,Catch Me If You Can,"Biography, Crime, Drama",141,"Barely 17 yet, Frank is a skilled forger who has passed as a doctor, lawyer and pilot. FBI agent Carl becomes obsessed with tracking down the con man, who only revels in the pursuit.",Steven Spielberg,"Leonardo DiCaprio, Tom Hanks, Christopher Walken, Martin Sheen",PG-13,75,https://m.media-amazon.com/images/M/MV5BMTY5MzYzNjc5NV5BMl5BanBnXkFtZTYwNTUyNTc2._V1_.jpg,1123234,False
Đảo Kinh Hoàng,2010,8.2,Shutter Island,"Drama, Mystery, Thriller",138,"Teddy Daniels and Chuck Aule, two US marshals, are sent to an asylum on a remote island in order to investigate the disappearance of a patient, where Teddy uncovers a shocking truth about the place.",Martin Scorsese,"Leonardo DiCaprio, Emily Mortimer, Mark Ruffalo, Ben Kingsley",R,63,https://m.media-amazon.com/images/M/MV5BN2FjNWExYzEtY2YzOC00YjNlLTllMTQtNmIwM2Q1YzBhOWM1XkEyXkFqcGc@._V1_.jpg,1494948,False
Oppenheimer,2023,8.3,Oppenheimer,"Biography, Drama, History",180,The story of American scientist J. Robert Oppenheimer and his role in the development of the atomic bomb.,Christopher Nolan,"Cillian Murphy, Emily Blunt, Matt Damon, Robert Downey Jr.",T18,90,https://m.media-amazon.com/images/M/MV5BN2JkMDc5MGQtZjg3YS00NmFiLWIyZmQtZTJmNTM5MjVmYTQ4XkEyXkFqcGc@._V1_.jpg,803522,False
Võ Sĩ Giác Đấu,2000,8.5,Gladiator,"Action, Adventure, Drama",155,A former Roman General sets out to exact vengeance against the corrupt emperor who murdered his family and sent him into slavery.,Ridley Scott,"Russell Crowe, Joaquin Phoenix, Connie Nielsen, Oliver Reed",R,67,https://m.media-amazon.com/images/M/MV5BYWQ4YmNjYjEtOWE1Zi00Y2U4LWI4NTAtMTU0MjkxNWQ1ZmJiXkEyXkFqcGc@._V1_.jpg,1662661,False
Đấu Trường Ảo,2018,7.4,Ready Player One,"Action, Adventure, Sci-Fi",140,"When the creator of a virtual reality called the OASIS dies, he makes a posthumous challenge to all OASIS users to find his Easter Egg, which will give the finder his fortune and control of his world.",Steven Spielberg,"Tye Sheridan, Olivia Cooke, Ben Mendelsohn, Lena Waithe",C13,64,https://m.media-amazon.com/images/M/MV5BNzVkMTgzODQtMWIwZC00NzE4LTgzZjYtMzAwM2I5OGZhNjE4XkEyXkFqcGc@._V1_.jpg,498970,False
Thực Đơn Bí Ẩn,2022,7.2,The Menu,"Comedy, Horror, Thriller",107,"A young couple travels to a remote island to eat at an exclusive restaurant where the chef has prepared a lavish menu, with some shocking surprises.",Mark Mylod,"Ralph Fiennes, Anya Taylor-Joy, Nicholas Hoult, Hong Chau",C18,71,https://m.media-amazon.com/images/M/MV5BN2Q0YWE1MjktODJlMi00NTRiLWI2ZTctZTAxNjkyODVjM2EyXkEyXkFqcGc@._V1_.jpg,417562,False
Cẩm Nang Xanh,2018,8.2,Green Book,"Biography, Comedy, Drama",130,A working-class Italian-American bouncer becomes the driver for an African-American classical pianist on a tour of venues through the 1960s American South.,Peter Farrelly,"Viggo Mortensen, Mahershala Ali, Linda Cardellini, Sebastian Maniscalco",PG-13,69,https://m.media-amazon.com/images/M/MV5BNDU5YTNmMmItN2QxNy00OGQ0LTg5MTctNzFmYjEzZjcwN2UwXkEyXkFqcGc@._V1_.jpg,596395,False
Quái Xế Baby,2017,7.5,Baby Driver,"Action, Crime, Drama",113,"Coerced into working for a crime boss, a young getaway driver must face the music when a doomed heist threatens his life, love, and freedom.",Edgar Wright,"Ansel Elgort, Jon Bernthal, Jon Hamm, Eiza González",C16,86,https://m.media-amazon.com/images/M/MV5BMjM3MjQ1MzkxNl5BMl5BanBnXkFtZTgwODk1ODgyMjI@._V1_.jpg,628743,False
The Hitman's Bodyguard: The Hitman vs. The Bodyguard,2017,6.9,The Hitman's Bodyguard: The Hitman vs. The Bodyguard,"Short, Action, Comedy",5,"Ryan Reynolds and Samuel L. Jackson star as an elite bodyguard and renowned hit man who is forced to work together. In order to succeed, they don't just have to avoid getting killed, they have to avoid killing each other.","Mark Christopher Collins, James Grogan, Samuel L. Jackson, Ryan Reynolds",N/A,N/A,0,https://m.media-amazon.com/images/M/MV5BOWZkODE1ZDctMzlkNy00N2Q5LTlhNGEtNmU3ODQ1MDY2NzQ3XkEyXkFqcGc@._V1_.jpg,31707,False
Jumanji: Trò Chơi Kỳ Ảo,2017,7.0,Jumanji: Welcome to the Jungle,"Action, Adventure, Comedy",119,"Four teenagers are sucked into a magical video game, and the only way they can escape is to work together to finish the game.",Jake Kasdan,"Dwayne Johnson, Karen Gillan, Kevin Hart, Jack Black",C13,58,https://m.media-amazon.com/images/M/MV5BZjI5MzdmODctYjA4NS00ZmMxLWJlOWUtOGVhMjA0OGMxMWYzXkEyXkFqcGc@._V1_.jpg,461582,False
Gã Điên Báo Thù,2021,7.1,Wrath of Man,"Action, Crime, Thriller",119,A mysteriously stoic character is hired as a security guard by a cash truck company responsible for transporting a lot of money around Los Angeles each week.,Guy Ritchie,"Jason Statham, Holt McCallany, Josh Hartnett, Rocci Boy Williams",R,57,https://m.media-amazon.com/images/M/MV5BMmIyNTE4ODUtNDMyYS00NGU2LWEzODgtYTAzYWFhYzAzMjJmXkEyXkFqcGc@._V1_.jpg,215092,False
Mật Vụ Kingsman,2014,7.7,Kingsman: The Secret Service,"Action, Adventure, Comedy",129,"A spy organisation recruits a promising street kid into the agency's training program, while a global threat emerges from a twisted tech genius.",Matthew Vaughn,"Colin Firth, Taron Egerton, Samuel L. Jackson, Michael Caine",C18,60,https://m.media-amazon.com/images/M/MV5BODk1MTYwNTAtYmI5Zi00OWYyLWE0MzQtOWE4NDIxZmU2MjMwXkEyXkFqcGc@._V1_.jpg,733035,False
Song Sinh Sát Thủ,2015,6.9,Legend,"Biography, Crime, Drama",132,Identical twin gangsters Ronald and Reginald Kray terrorize London during the 1960s.,Brian Helgeland,"Tom Hardy, Emily Browning, Taron Egerton, Paul Anderson",R,55,https://m.media-amazon.com/images/M/MV5BMjE0MjkyODQ3NF5BMl5BanBnXkFtZTgwNDM1OTk1NjE@._V1_.jpg,207213,False
Cuộc Đua Lịch Sử,2019,8.1,Ford v Ferrari,"Action, Biography, Drama",152,American car designer Carroll Shelby and driver Ken Miles battle corporate interference and the laws of physics to build a revolutionary race car for Ford in order to defeat Ferrari at the 24 Hours of Le Mans in 1966.,James Mangold,"Matt Damon, Christian Bale, Jon Bernthal, Caitríona Balfe",C16,81,https://m.media-amazon.com/images/M/MV5BOTBjNTEyNjYtYjdkNi00YzE5LTljYzUtZjVlYmYwZmJmZWYxXkEyXkFqcGc@._V1_.jpg,497271,False
Người Về Từ Sao Hỏa,2015,8.0,The Martian,"Adventure, Drama, Sci-Fi",144,"An astronaut becomes stranded on Mars after his team assume him dead, and must rely on his ingenuity to find a way to signal to Earth that he is alive and can survive until a potential rescue.",Ridley Scott,"Matt Damon, Jessica Chastain, Kristen Wiig, Kate Mara",C13,80,https://m.media-amazon.com/images/M/MV5BMTc2MTQ3MDA1Nl5BMl5BanBnXkFtZTgwODA3OTI4NjE@._V1_.jpg,944712,False
Buổi Diễn Của Truman,1998,8.2,The Truman Show,"Comedy, Drama",103,An insurance salesman discovers his whole life is actually a reality TV show.,Peter Weir,"Jim Carrey, Ed Harris, Laura Linney, Noah Emmerich",PG,90,https://m.media-amazon.com/images/M/MV5BNzA3ZjZlNzYtMTdjMy00NjMzLTk5ZGYtMTkyYzNiOGM1YmM3XkEyXkFqcGc@._V1_.jpg,1230194,False
Chiến Tranh Giữa Các Vì Sao 3: Người Sith Báo Thù,2005,7.6,Star Wars: Episode III - Revenge of the Sith,"Action, Adventure, Fantasy",140,"Three years into the Clone Wars, Obi-Wan Kenobi pursues a new threat, while Anakin Skywalker is lured by Chancellor Palpatine into a sinister plot to rule the galaxy.",George Lucas,"Hayden Christensen, Natalie Portman, Ewan McGregor, Samuel L. Jackson",PG-13,68,https://m.media-amazon.com/images/M/MV5BNTc4MTc3NTQ5OF5BMl5BanBnXkFtZTcwOTg0NjI4NA@@._V1_.jpg,860519,False
Giờ Cao Điểm,1998,7.0,Rush Hour,"Action, Comedy, Crime",98,"A loyal and dedicated Hong Kong Inspector teams up with a reckless and loudmouthed L.A.P.D. detective to rescue the Chinese Consul's kidnapped daughter, while trying to arrest a dangerous crime lord along the way.",Brett Ratner,"Jackie Chan, Chris Tucker, Ken Leung, Tom Wilkinson",PG-13,61,https://m.media-amazon.com/images/M/MV5BMGZiMzViNmEtNTNlZi00MzFmLTk5NTEtNDE2OTUzNmNlMTY4XkEyXkFqcGc@._V1_.jpg,301565,False
Chuyện Ở Bronx,1993,7.8,A Bronx Tale,"Crime, Drama",121,"An intense drama about a boy torn between his tough, hard-working father and a violent yet charismatic crime boss.",Robert De Niro,"Robert De Niro, Chazz Palminteri, Lillo Brancato, Francis Capra",R,80,https://m.media-amazon.com/images/M/MV5BZTZiZWFjY2UtMDYzOS00N2JhLTk5YmYtMGQ1Yjk5ZWYzZjI4XkEyXkFqcGc@._V1_.jpg,166365,False
Thám Tử Sherlock,2010,9.1,Sherlock,"Crime, Drama, Mystery",90,"The quirky spin on Conan Doyle's iconic sleuth pitches him as a ""high-functioning sociopath"" in modern-day London. Assisting him in his investigations: Afghanistan War vet John Watson, who's introduced to Holmes by a mutual acquaintance.","Mark Gatiss, Steven Moffat","Benedict Cumberbatch, Martin Freeman, Una Stubbs, Rupert Graves",TV-14,0,https://m.media-amazon.com/images/M/MV5BNTQzNGZjNDEtOTMwYi00MzFjLWE2ZTYtYzYxYzMwMjZkZDc5XkEyXkFqcGc@._V1_.jpg,1020240,True
Chiến Hữu,1990,8.7,Goodfellas,"Biography, Crime, Drama",145,"The story of Henry Hill and his life in the mafia, covering his relationship with his wife Karen and his mob partners Jimmy Conway and Tommy DeVito.",Martin Scorsese,"Robert De Niro, Ray Liotta, Joe Pesci, Lorraine Bracco",C18,92,https://m.media-amazon.com/images/M/MV5BN2E5NzI2ZGMtY2VjNi00YTRjLWI1MDUtZGY5OWU1MWJjZjRjXkEyXkFqcGc@._V1_.jpg,1283681,False
Người Đàn Ông Ireland,2019,7.8,The Irishman,"Biography, Crime, Drama",209,"An illustration of Frank Sheeran's life, from W.W.II veteran to hit-man for the Bufalino crime family and his alleged assassination of his close friend Jimmy Hoffa.",Martin Scorsese,"Robert De Niro, Al Pacino, Joe Pesci, Harvey Keitel",C16,94,https://m.media-amazon.com/images/M/MV5BMTY2YThkNmQtOWJhYy00ZDc3LWEzOGEtMmQwNzM0YjFmZWIyXkEyXkFqcGc@._V1_.jpg,440059,False
Avengers: Hồi Kết,2019,8.4,Avengers: Endgame,"Action, Adventure, Drama",181,"After the devastating events of Avengers: Cuộc Chiến Vô Cực (2018), the universe is in ruins. With the help of remaining allies, the Avengers assemble once more in order to reverse Thanos' actions and restore balance to the universe.","Anthony Russo, Joe Russo","Robert Downey Jr., Chris Evans, Mark Ruffalo, Chris Hemsworth",C13,78,https://m.media-amazon.com/images/M/MV5BMTc5MDE2ODcwNV5BMl5BanBnXkFtZTgwMzI2NzQ2NzM@._V1_.jpg,1303312,False
Avengers: Cuộc Chiến Vô Cực,2018,8.4,Avengers: Infinity War,"Action, Adventure, Sci-Fi",149,The Avengers and their allies must be willing to sacrifice all in an attempt to defeat the powerful Thanos before his blitz of devastation and ruin puts an end to the universe.,"Anthony Russo, Joe Russo","Robert Downey Jr., Chris Hemsworth, Mark Ruffalo, Chris Evans",C16,68,https://m.media-amazon.com/images/M/MV5BMjMxNjY2MDU1OV5BMl5BanBnXkFtZTgwNzY1MTUwNTM@._V1_.jpg,1237330,False
Người Nhện: Không Còn Nhà,2021,8.2,Spider-Man: No Way Home,"Action, Adventure, Fantasy",148,"With Spider-Man's identity now revealed, Peter asks Doctor Strange for help. When a spell goes wrong, dangerous foes from other worlds start to appear.",Jon Watts,"Tom Holland, Zendaya, Benedict Cumberbatch, Jacob Batalon",C13,71,https://m.media-amazon.com/images/M/MV5BYmRkZjQ5NWQtYjQxMC00NTM2LTk5OGMtYTBiNWRiNTBkNmJhXkEyXkFqcGc@._V1_.jpg,908959,False
Sát Thủ John Wick,2014,7.4,John Wick,"Action, Crime, Thriller",101,"John Wick is a former hitman grieving the loss of his true love. When his home is broken into, robbed, and his dog killed, he is forced to return to action to exact revenge.",Chad Stahelski,"Keanu Reeves, Michael Nyqvist, Alfie Allen, Willem Dafoe",C16,68,https://m.media-amazon.com/images/M/MV5BMTU2NjA1ODgzMF5BMl5BanBnXkFtZTgwMTM2MTI4MjE@._V1_.jpg,755916,False
Vầng Trăng Máu,2023,7.6,Killers of the Flower Moon,"Crime, Drama, History",206,"When oil is discovered in 1920s Oklahoma under Osage Nation land, the Osage people are murdered one by one - until the FBI steps in to unravel the mystery.",Martin Scorsese,"Leonardo DiCaprio, Robert De Niro, Lily Gladstone, Jesse Plemons",T18,89,https://m.media-amazon.com/images/M/MV5BZWY5ZDVjNTUtODI5Yy00MjFhLWEyM2EtYzZjM2VjZTI0MTBjXkEyXkFqcGc@._V1_.jpg,260886,False
Batman: Vạch Trần Sự Thật,2022,7.8,The Batman,"Action, Crime, Drama",176,"When a sadistic serial killer begins murdering key political figures in Gotham, The Batman is forced to investigate the city's hidden corruption and question his family's involvement.",Matt Reeves,"Robert Pattinson, Zoë Kravitz, Jeffrey Wright, Colin Farrell",C16,72,https://m.media-amazon.com/images/M/MV5BYzMyNmYwMTMtMzBhOS00MzFjLWI3ZTEtZTM5NWIzNmYyZmNjXkEyXkFqcGc@._V1_.jpg,820926,False
Logan: Người Sói,2017,8.1,Logan,"Action, Drama, Sci-Fi",137,"In a future where mutants are nearly extinct, an elderly and weary Logan leads a quiet life. But when Laura, a mutant child pursued by scientists, comes to him for help, he must get her to safety.",James Mangold,"Hugh Jackman, Patrick Stewart, Dafne Keen, Boyd Holbrook",C18,77,https://m.media-amazon.com/images/M/MV5BM2JjODdkMGMtNmY2YS00OGM2LThiY2YtZGYyNzE4Nzc2ODA0XkEyXkFqcGc@._V1_.jpg,863011,False
Phi Công Siêu Đẳng Maverick,2022,8.2,Top Gun: Maverick,"Action, Drama",130,"The story involves Maverick confronting his past while training a group of younger Top Gun graduates, including the son of his deceased best friend, for a dangerous mission.",Joseph Kosinski,"Tom Cruise, Jennifer Connelly, Miles Teller, Val Kilmer",C13,78,https://m.media-amazon.com/images/M/MV5BMDBkZDNjMWEtOTdmMi00NmExLTg5MmMtNTFlYTJlNWY5YTdmXkEyXkFqcGc@._V1_.jpg,734119,False
Thiện Ác Đối Đầu,2014,7.2,The Equalizer,"Action, Crime, Thriller",132,A man who believes he has put his mysterious past behind him cannot stand idly by when he meets a young girl under the control of ultra-violent Russian gangsters.,Antoine Fuqua,"Denzel Washington, Marton Csokas, Chloë Grace Moretz, David Harbour",C18,57,https://m.media-amazon.com/images/M/MV5BMTQ2MzE2NTk0NF5BMl5BanBnXkFtZTgwOTM3NTk1MjE@._V1_.jpg,431625,False
Thế Thân,2009,7.9,Avatar,"Action, Adventure, Fantasy",162,A paraplegic Marine dispatched to the moon Pandora on a unique mission becomes torn between following his orders and protecting the world he feels is his home.,James Cameron,"Sam Worthington, Zoe Saldana, Sigourney Weaver, Michelle Rodriguez",C13,83,https://m.media-amazon.com/images/M/MV5BMDEzMmQwZjctZWU2My00MWNlLWE0NjItMDJlYTRlNGJiZjcyXkEyXkFqcGc@._V1_.jpg,1404701,False
Đấu Trường Sinh Tử,2012,7.2,The Hunger Games,"Action, Adventure, Sci-Fi",142,Katniss Everdeen voluntarily takes her younger sister's place in the Hunger Games: a televised competition in which two teenagers from each of the twelve Districts of Panem are chosen at random to fight to the death.,Gary Ross,"Jennifer Lawrence, Josh Hutcherson, Liam Hemsworth, Stanley Tucci",(Banned),68,https://m.media-amazon.com/images/M/MV5BMWI1OGM4YjQtNmIxNi00YmE2LWJkNTAtY2Q0YjU4NTI5NWQyXkEyXkFqcGc@._V1_.jpg,1020100,False
300 Chiến Binh,2006,7.6,300,"Action, Drama",117,"In the ancient battle of Thermopylae, King Leonidas and 300 Spartans fight against Xerxes and his massive Persian army.",Zack Snyder,"Gerard Butler, Lena Headey, David Wenham, Dominic West",C18,52,https://m.media-amazon.com/images/M/MV5BMjc4OTc0ODgwNV5BMl5BanBnXkFtZTcwNjM1ODE0MQ@@._V1_.jpg,875575,False
Thế Giới Khủng Long,2015,6.9,Jurassic World,"Action, Adventure, Sci-Fi",124,"A new theme park, built on the original site of Jurassic Park, creates a genetically modified hybrid dinosaur, the Indominus Rex, which escapes containment and goes on a killing spree.",Colin Trevorrow,"Chris Pratt, Bryce Dallas Howard, Ty Simpkins, Judy Greer",P,59,https://m.media-amazon.com/images/M/MV5BNzBhNzlkM2UtZTQyOC00NjUyLTkzMmMtNDQ1YTM5N2NmMGE5XkEyXkFqcGc@._V1_.jpg,689084,False
Transformers: Robot Đại Chiến,2007,7.1,Transformers,"Action, Adventure, Sci-Fi",144,"An ancient struggle between two Cybertronian races, the heroic Autobots and the evil Decepticons, comes to Earth, with a clue to the ultimate power held by a teenager.",Michael Bay,"Shia LaBeouf, Megan Fox, Josh Duhamel, Tyrese Gibson",PG-13,61,https://m.media-amazon.com/images/M/MV5BZjM3ZDA2YmItMzhiMi00ZGI3LTg3ZGQtOTk3Nzk0MDY0ZDZhXkEyXkFqcGc@._V1_.jpg,684129,False
Người Hùng Không Súng,2016,8.1,Hacksaw Ridge,"Biography, Drama, History",139,"World War II American Army Medic Desmond T. Doss, serving during the Battle of Okinawa, refuses to kill people and becomes the first man in American history to receive the Medal of Honor without firing a shot.",Mel Gibson,"Andrew Garfield, Sam Worthington, Luke Bracey, Teresa Palmer",R,71,https://m.media-amazon.com/images/M/MV5BMjQ1NjM3MTUxNV5BMl5BanBnXkFtZTgwMDc5MTY5OTE@._V1_.jpg,612462,False
Mưu Cầu Hạnh Phúc,2006,8.0,The Pursuit of Happyness,"Biography, Drama",117,A struggling salesman takes custody of his son as he's poised to begin a life-changing professional career.,Gabriele Muccino,"Will Smith, Thandiwe Newton, Jaden Smith, Brian Howe",PG-13,64,https://m.media-amazon.com/images/M/MV5BMTQ5NjQ0NDI3NF5BMl5BanBnXkFtZTcwNDI0MjEzMw@@._V1_.jpg,573577,False
Nhà tù Shawshank,1994,9.3,The Shawshank Redemption,Drama,142,"A banker convicted of uxoricide forms a friendship over a quarter century with a hardened convict, while maintaining his innocence and trying to remain hopeful through simple compassion.",Frank Darabont,"Tim Robbins, Morgan Freeman, Bob Gunton, William Sadler",C16,82,https://m.media-amazon.com/images/M/MV5BMDAyY2FhYjctNDc5OS00MDNlLThiMGUtY2UxYWVkNGY2ZjljXkEyXkFqcGc@._V1_.jpg,2949695,False
Huấn Luyện Viên Bóng Rổ,2005,7.3,Coach Carter,"Biography, Drama, Sport",136,Controversy surrounds high school basketball coach Ken Carter after he benches his entire team for breaking their academic contract with him.,Thomas Carter,"Samuel L. Jackson, Rick Gonzalez, Robert Ri'chard, Rob Brown",PG-13,57,https://m.media-amazon.com/images/M/MV5BNjk0M2Y4ZTUtNzA3MS00MWYwLThmYjktMmYzNzVkYzQ3NmFlXkEyXkFqcGc@._V1_.jpg,175260,False
Hustle: Cuộc Đua NBA,2022,7.3,Hustle,"Comedy, Drama, Sport",117,A basketball scout discovers a phenomenal street ball player while in Spain and sees the prospect as his opportunity to get back into the NBA.,Jeremiah Zagar,"Adam Sandler, Queen Latifah, Juancho Hernangomez, Ben Foster",C16,68,https://m.media-amazon.com/images/M/MV5BMzA4ODRlMjktMDEyNS00NTg5LWEwYTAtNTExODI1ZDE2ZmYwXkEyXkFqcGc@._V1_.jpg,148952,False
Tay Đấm Huyền Thoại,2015,7.6,Creed,"Action, Drama, Sport",133,"The former World Heavyweight Champion Rocky Balboa serves as a trainer and mentor to Adonis Johnson, the son of his late friend and former rival Apollo Creed.",Ryan Coogler,"Michael B. Jordan, Sylvester Stallone, Tessa Thompson, Phylicia Rashad",PG-13,82,https://m.media-amazon.com/images/M/MV5BNWM3NjY2ZDctMGZiYy00OGFlLThkMTktOTY2MDM2YjE2OTliXkEyXkFqcGc@._V1_.jpg,315388,False
Tay Đấm Thép,2011,7.1,Real Steel,"Action, Drama, Sci-Fi",127,"In a near future where robot boxing is a top sport, a struggling ex-boxer feels he's found a champion in a discarded robot.",Shawn Levy,"Hugh Jackman, Evangeline Lilly, Dakota Goyo, Anthony Mackie",PG-13,56,https://m.media-amazon.com/images/M/MV5BMjEzMzEzNjg0N15BMl5BanBnXkFtZTcwMzg4NDk0Ng@@._V1_.jpg,363273,False
Quá Nhanh Quá Nguy Hiểm,2001,6.8,The Fast and the Furious,"Action, Crime, Thriller",106,Los Angeles police officer Brian O'Conner must decide where his loyalty really lies when he becomes enamored with the street racing world he has been sent undercover to end it.,Rob Cohen,"Vin Diesel, Paul Walker, Michelle Rodriguez, Jordana Brewster",PG-13,58,https://m.media-amazon.com/images/M/MV5BZGRiMDE1NTMtMThmZS00YjE4LWI1ODQtNjRkZGZlOTg2MGE1XkEyXkFqcGc@._V1_.jpg,427039,False
Người Sắt,2008,7.9,Iron Man,"Action, Adventure, Sci-Fi",126,"After being held captive in an Afghan cave, billionaire engineer Tony Stark creates a unique weaponized suit of armor to fight evil.",Jon Favreau,"Robert Downey Jr., Gwyneth Paltrow, Terrence Howard, Jeff Bridges",C13,79,https://m.media-amazon.com/images/M/MV5BMTczNTI2ODUwOF5BMl5BanBnXkFtZTcwMTU0NTIzMw@@._V1_.jpg,1145612,False
Ba Chàng Ngự Lâm,2009,7.7,The Hangover,Comedy,100,"Three buddies wake up from a bachelor party in Las Vegas, with no memory of the previous night and the bachelor missing. They make their way around the city in order to find their friend before his wedding.",Todd Phillips,"Zach Galifianakis, Bradley Cooper, Justin Bartha, Ed Helms",R,73,https://m.media-amazon.com/images/M/MV5BNDI2MzBhNzgtOWYyOS00NDM2LWE0OGYtOGQ0M2FjMTI2NTllXkEyXkFqcGc@._V1_.jpg,862899,False
Sự Trỗi Dậy Của Hành Tinh Khỉ,2011,7.6,Rise of the Planet of the Apes,"Action, Drama, Sci-Fi",105,A substance designed to help the brain repair itself gives advanced intelligence to a chimpanzee who leads an ape uprising.,Rupert Wyatt,"James Franco, Andy Serkis, Freida Pinto, Karin Konoval",PG-13,68,https://m.media-amazon.com/images/M/MV5BMjllODU1NDItODU1Ni00N2Y2LTg4Y2ItOTJjMTczZDliN2FhXkEyXkFqcGc@._V1_.jpg,584267,False
Người Nhện Siêu Đẳng,2012,6.9,The Amazing Spider-Man,"Action, Adventure, Sci-Fi",136,"After Peter Parker is bitten by a genetically altered spider, he gains newfound, spider-like powers and ventures out to save the city from the machinations of a mysterious reptilian foe.",Marc Webb,"Andrew Garfield, Emma Stone, Rhys Ifans, Irrfan Khan",C13,66,https://m.media-amazon.com/images/M/MV5BMjMyOTM4MDMxNV5BMl5BanBnXkFtZTcwNjIyNzExOA@@._V1_.jpg,715318,False
40 Tuổi Vẫn Còn Zin,2005,7.1,The 40 Year Old Virgin,"Comedy, Romance",116,"Goaded by his buddies, a nerdy guy who's never ""done the deed"" only finds the pressure mounting when he meets a single mother.",Judd Apatow,"Steve Carell, Catherine Keener, Paul Rudd, Romany Malco",R,73,https://m.media-amazon.com/images/M/MV5BMzFiNzU2NjQtZTcwZC00Nzc3LTk3NjEtMDZmMDhmYjQ4NTAwXkEyXkFqcGc@._V1_.jpg,475599,False
Siêu Tệ Hại,2007,7.6,Superbad,Comedy,113,Two co-dependent high school seniors are forced to deal with separation anxiety after their plan to stage a booze-soaked party goes awry.,Greg Mottola,"Michael Cera, Jonah Hill, Christopher Mintz-Plasse, Bill Hader",R,76,https://m.media-amazon.com/images/M/MV5BNjk0MzdlZGEtNTRkOC00ZDRiLWJkYjAtMzUzYTRiNzk1YTViXkEyXkFqcGc@._V1_.jpg,646163,False
Cớm Học Đường,2012,7.2,21 Jump Street,"Action, Comedy, Crime",109,A pair of underachieving cops are sent back to a local high school to blend in and bring down a synthetic drug ring.,"Phil Lord, Christopher Miller","Jonah Hill, Channing Tatum, Ice Cube, Brie Larson",R,69,https://m.media-amazon.com/images/M/MV5BMTg2NjJiODctM2IyMS00MmQ5LWI1YmQtNTBjMTI4M2U2YzA5XkEyXkFqcGc@._V1_.jpg,609516,False
Gấu Bựa Ted,2012,6.9,Ted,Comedy,106,"John Bennett, a man whose childhood wish of bringing his teddy bear to life came true, now must decide between keeping the relationship with the bear, Ted or his girlfriend, Lori.",Seth MacFarlane,"Mark Wahlberg, Mila Kunis, Seth MacFarlane, Joel McHale",R,62,https://m.media-amazon.com/images/M/MV5BMTQ1OTU0ODcxMV5BMl5BanBnXkFtZTcwOTMxNTUwOA@@._V1_.jpg,667920,False
Anh Em Ghẻ,2008,6.9,Step Brothers,Comedy,98,Two aimless middle-aged losers still living at home are forced against their will to become roommates when their parents marry.,Adam McKay,"Will Ferrell, John C. Reilly, Mary Steenburgen, Richard Jenkins",R,51,https://m.media-amazon.com/images/M/MV5BYWNiOGZkOTgtNGMzMC00MDg5LTliM2UtN2VjMDI3N2ViOWE5XkEyXkFqcGc@._V1_.jpg,324455,False
Hành Trình Django,2012,8.5,Django Unchained,"Comedy, Drama, Western",165,"With the help of a German bounty-hunter, a freed slave sets out to rescue his wife from a brutal plantation owner in Mississippi.",Quentin Tarantino,"Jamie Foxx, Christoph Waltz, Leonardo DiCaprio, Kerry Washington",R,81,https://m.media-amazon.com/images/M/MV5BMjIyNTQ5NjQ1OV5BMl5BanBnXkFtZTcwODg1MDU4OA@@._V1_.jpg,1733100,False
Trùm Chiến Tranh,2005,7.6,Lord of War,"Crime, Drama",122,An arms dealer confronts the morality of his work as he is being chased by an INTERPOL Agent.,Andrew Niccol,"Nicolas Cage, Ethan Hawke, Jared Leto, Bridget Moynahan",R,62,https://m.media-amazon.com/images/M/MV5BNThlY2NkYmMtNTFhNi00MzBiLWJmNzEtZjk5MzYwYWU2MjllXkEyXkFqcGc@._V1_.jpg,342045,False
Tay Đấm Huyền Thoại,1976,8.1,Rocky,"Drama, Sport",120,A small-time Philadelphia boxer gets a supremely rare chance to fight the world heavyweight champion in a bout in which he strives to go the distance for his self-respect.,John G. Avildsen,"Sylvester Stallone, Talia Shire, Burt Young, Carl Weathers",PG,70,https://m.media-amazon.com/images/M/MV5BZDEyY2M2MGMtYjg5OC00ZWFjLWFkZDQtNmQzZTdiYmYzZTBkXkEyXkFqcGc@._V1_.jpg,641243,False
Fast and the Furious: Tokyo Drift - The Japanese Way,2006,6.5,Fast and the Furious: Tokyo Drift - The Japanese Way,"Short, Action",10,Related are the difficulties and surprising ease that was found working with the Japanese crew. The Japanese citizens and their modes of dress were also educating to all.,Jim Bacon,"Justin Lin, Brian Tee, Lucas Black, Sanja Milkovic Hays",N/A,0,https://m.media-amazon.com/images/M/MV5BMTQ2NTMxODEyNV5BMl5BanBnXkFtZTcwMDgxMjA0MQ@@._V1_.jpg,20170,False
Phù Thủy Tối Thượng,2016,7.5,Doctor Strange,"Action, Adventure, Fantasy",115,"While on a journey of physical and spiritual healing, a brilliant neurosurgeon is drawn into the world of the mystic arts.",Scott Derrickson,"Benedict Cumberbatch, Chiwetel Ejiofor, Rachel McAdams, Benedict Wong",C13,72,https://m.media-amazon.com/images/M/MV5BNjgwNzAzNjk1Nl5BMl5BanBnXkFtZTgwMzQ2NjI1OTE@._V1_.jpg,821718,False
Mạng Xã Hội,2010,7.8,The Social Network,"Biography, Drama",120,"As Harvard student Mark Zuckerberg creates the social networking site that would become known as Facebook, he is sued by the twins who claimed he stole their idea and by the co-founder who was later squeezed out of the business.",David Fincher,"Jesse Eisenberg, Andrew Garfield, Justin Timberlake, Rooney Mara",PG-13,95,https://m.media-amazon.com/images/M/MV5BMjlkNTE5ZTUtNGEwNy00MGVhLThmZjMtZjU1NDE5Zjk1NDZkXkEyXkFqcGc@._V1_.jpg,772067,False
Đặc Vụ Áo Đen,1997,7.3,Men in Black,"Action, Adventure, Comedy",98,"James, an NYC cop, is hired by Agent K of a secret government agency that monitors extraterrestrial life on Earth. Together, they must recover an item that has been stolen by an intergalactic villain.",Barry Sonnenfeld,"Tommy Lee Jones, Will Smith, Linda Fiorentino, Vincent D'Onofrio",C13,72,https://m.media-amazon.com/images/M/MV5BZmQ0YTdhYzEtMjIxZC00MGFiLTlmNjktZmFlOWE2M2QxOTRhXkEyXkFqcGc@._V1_.jpg,624402,False
Những Gã Trai Hư,1995,6.8,Bad Boys,"Action, Comedy, Crime",119,Two hip detectives protect a witness to a murder while investigating a case of stolen heroin from the evidence storage room from their police precinct.,Michael Bay,"Will Smith, Martin Lawrence, Lisa Boyle, Michael Taliferro",R,41,https://m.media-amazon.com/images/M/MV5BMWNjZWEwNDMtMWE1ZC00MTgwLTk2YzAtYmE0NTkwOWVhMDI0XkEyXkFqcGc@._V1_.jpg,298423,False
Titanic,1997,7.9,Titanic,"Drama, Romance",194,"A seventeen-year-old aristocrat falls in love with a kind but poor artist aboard the luxurious, ill-fated R.M.S. Titanic.",James Cameron,"Leonardo DiCaprio, Kate Winslet, Billy Zane, Kathy Bates",P,75,https://m.media-amazon.com/images/M/MV5BYzYyN2FiZmUtYWYzMy00MzViLWJkZTMtOGY1ZjgzNWMwN2YxXkEyXkFqcGc@._V1_.jpg,1307856,False
King Kong,2005,7.2,King Kong,"Action, Adventure, Romance",187,"A greedy film producer assembles a team of moviemakers and sets out for the infamous Skull Island, where they find more than just cannibalistic natives.",Peter Jackson,"Naomi Watts, Jack Black, Adrien Brody, Thomas Kretschmann",PG-13,81,https://m.media-amazon.com/images/M/MV5BMWY0NWE0ZjUtNjRlOS00ZDViLTgxNTQtMGMwN2FhNDY1YTg2XkEyXkFqcGc@._V1_.jpg,452743,False
Kẻ Độc Tài,2012,6.5,The Dictator,Comedy,83,The heroic story of a dictator who risked his life to ensure that democracy would never come to the country he so lovingly oppressed.,Larry Charles,"Sacha Baron Cohen, Anna Faris, John C. Reilly, Ben Kingsley",R,58,https://m.media-amazon.com/images/M/MV5BM2IwMDM3ZmQtNjQ3NS00OTFiLWI5YzEtYWE3YjI5NTk3YzkwXkEyXkFqcGc@._V1_.jpg,342751,False
Cộng Sự Hổ Báo,2016,7.1,War Dogs,"Biography, Comedy, Crime",114,"Loosely based on the true story of two young men, David Packouz and Efraim Diveroli, who won a three hundred million dollar contract from the Pentagon to arm America's allies in Afghanistan.",Todd Phillips,"Jonah Hill, Miles Teller, Steve Lantz, Gregg Weiner",R,57,https://m.media-amazon.com/images/M/MV5BMjEyNzQ0NzM4MV5BMl5BanBnXkFtZTgwMDI0ODM2OTE@._V1_.jpg,266103,False
Người Dơi Xuất Hiện,2005,8.2,Batman Begins,"Action, Crime, Drama",140,"After witnessing his parents' death, Bruce learns the art of fighting to confront injustice. When he returns to Gotham as Batman, he must stop a secret society that intends to destroy the city.",Christopher Nolan,"Christian Bale, Michael Caine, Ken Watanabe, Liam Neeson",T13,70,https://m.media-amazon.com/images/M/MV5BODIyMDdhNTgtNDlmOC00MjUxLWE2NDItODA5MTdkNzY3ZTdhXkEyXkFqcGc@._V1_.jpg,1606638,False
Phi Vụ Thế Kỷ,2013,7.2,Now You See Me,"Crime, Mystery, Thriller",115,"An FBI agent and an Interpol detective track a team of illusionists who pull off bank heists during their performances, and reward their audiences with the money.",Louis Leterrier,"Jesse Eisenberg, Common, Mark Ruffalo, Woody Harrelson",C13,50,https://m.media-amazon.com/images/M/MV5BMTY0NDY3MDMxN15BMl5BanBnXkFtZTcwOTM5NzMzOQ@@._V1_.jpg,720089,False
Lấy Nghề Làm Nghiệp,1996,7.0,Happy Gilmore,"Comedy, Sport",92,"After his grandmother's house is repossessed by the IRS, a bad tempered hockey player takes his talents to golf to earn the big bucks and get his grandmothers house back.",Dennis Dugan,"Adam Sandler, Christopher McDonald, Julie Bowen, Frances Bay",PG-13,31,https://m.media-amazon.com/images/M/MV5BMzMyZTM1MTMtNDdjOS00NzIzLTkxY2QtZTU4OGYxOTUwNDMxXkEyXkFqcGc@._V1_.jpg,255149,False
Bốn Anh Em,2005,6.8,Four Brothers,"Action, Crime, Drama",109,"When their adoptive mother is gunned down in a store robbery, four brothers decide to investigate the murder and find the killers themselves, but not all is what it seems.",John Singleton,"Mark Wahlberg, Tyrese Gibson, André 3000, Garrett Hedlund",R,49,https://m.media-amazon.com/images/M/MV5BMTU4NzM3Njg2NV5BMl5BanBnXkFtZTcwNjU4NDczMw@@._V1_.jpg,161236,False
Chàng Will Tốt Bụng,1997,8.3,Good Will Hunting,"Drama, Romance",126,"Will Hunting, a janitor at MIT, has a gift for mathematics, but needs help from a psychologist to find direction in his life.",Gus Van Sant,"Robin Williams, Matt Damon, Ben Affleck, Stellan Skarsgård",R,71,https://m.media-amazon.com/images/M/MV5BNDdjZGQ5YzEtNTc2My00Mjc0LWFlMTctYzkwMzZlNzdiZWYzXkEyXkFqcGc@._V1_.jpg,1096361,False
Cưỡng Đoạt,2008,7.7,Taken,"Action, Crime, Thriller",90,"A retired CIA agent travels across Europe and relies on his old skills to save his estranged daughter, who has been kidnapped while on a trip to Paris.",Pierre Morel,"Liam Neeson, Maggie Grace, Famke Janssen, Leland Orser",PG-13,51,https://m.media-amazon.com/images/M/MV5BYTAxNTY2NjMtYjk5Yy00Nzg4LTkyMmItYmMzMDM2OWQ1ZGQ3XkEyXkFqcGc@._V1_.jpg,643594,False
Mầm Sống Hiểm Họa,2017,6.6,Life,"Horror, Sci-Fi, Thriller",104,A team of scientists aboard the International Space Station discover a rapidly evolving life form that caused extinction on Mars and now threatens all life on Earth.,Daniel Espinosa,"Jake Gyllenhaal, Rebecca Ferguson, Ryan Reynolds, Hiroyuki Sanada",C18,54,https://m.media-amazon.com/images/M/MV5BNWNkYWYzNGUtOWVjNS00MGY0LWIyY2YtODllNGIxOGRlOTgyXkEyXkFqcGc@._V1_.jpg,260528,False
Gia Đình Bá Đạo,2013,7.0,We're the Millers,"Comedy, Crime",110,A veteran pot dealer creates a fake family as part of his plan to move a huge shipment of weed into the U.S. from Mexico.,Rawson Marshall Thurber,"Jason Sudeikis, Jennifer Aniston, Emma Roberts, Ed Helms",R,44,https://m.media-amazon.com/images/M/MV5BNDQ0NWI1ZGEtY2NlMy00MWYyLTk4NGEtMTY5MmQ4YTcyY2E0XkEyXkFqcGc@._V1_.jpg,494816,False
Sát Thủ Đối Đầu,2022,7.3,Bullet Train,"Action, Comedy, Thriller",127,Five assassins aboard a swiftly-moving bullet train find out that their missions have something in common.,David Leitch,"Brad Pitt, Joey King, Aaron Taylor-Johnson, Brian Tyree Henry",C18,49,https://m.media-amazon.com/images/M/MV5BODUyZjkxZDMtZGI3ZC00ZmEwLTgwMTUtYTU4OTQ5YjU4ZjRlXkEyXkFqcGc@._V1_.jpg,462996,False
Giải Mã Mê Cung,2014,6.8,The Maze Runner,"Action, Mystery, Sci-Fi",113,"Thomas is deposited in a community of boys after his memory is erased, soon learning they're all trapped in a maze that will require him to join forces with fellow ""runners"" for a shot at escape.",Wes Ball,"Dylan O'Brien, Kaya Scodelario, Will Poulter, Thomas Brodie-Sangster",C16,57,https://m.media-amazon.com/images/M/MV5BMjUyNTA3MTAyM15BMl5BanBnXkFtZTgwOTEyMTkyMjE@._V1_.jpg,522262,False
Về Với Thiên Nhiên,2007,8.1,Into the Wild,"Adventure, Biography, Drama",148,"After graduating from Emory University, top student and athlete Christopher McCandless abandons his possessions, gives his entire $24,000 savings account to charity and hitchhikes to Alaska to live in the wilderness.",Sean Penn,"Emile Hirsch, Vince Vaughn, Catherine Keener, Marcia Gay Harden",R,73,https://m.media-amazon.com/images/M/MV5BNTgwZTJhNWMtNzVjMy00YzQzLWI4MTAtYmJhOGQ5ZmQ3MDM0XkEyXkFqcGc@._V1_.jpg,666541,False
Trò Gắn Thẻ,2018,6.5,Tag,"Action, Comedy",100,"A small group of former classmates organize an elaborate, annual game of tag that requires some to travel all over the country.",Jeff Tomsic,"Jeremy Renner, Ed Helms, Jake Johnson, Jon Hamm",R,56,https://m.media-amazon.com/images/M/MV5BM2VhYTg4M2MtMWJiNS00ZTExLWI4MTMtNjE1NTQ1ODA0MTJjXkEyXkFqcGc@._V1_.jpg,150268,False
Vượt Ngục,2005,8.3,Prison Break,"Action, Crime, Drama",44,"A structural engineer installs himself in a prison he helped design, in order to save his falsely accused brother from a death sentence by breaking themselves out from the inside.",Paul T. Scheuring,"Dominic Purcell, Wentworth Miller, Amaury Nolasco, Robert Knepper",TV-14,0,https://m.media-amazon.com/images/M/MV5BMTljM2Y5OTUtMzg3Yy00ZjI3LTg4YzUtMmVkMGY2NTgyMmQ3XkEyXkFqcGc@._V1_.jpg,597627,True
Nhà Sáng Lập,2016,7.2,The Founder,"Biography, Drama",115,"The story of Ray Kroc, a salesman who turned two brothers' innovative fast food eatery, McDonald's, into the biggest restaurant business in the world, with a combination of ambition, persistence, and ruthlessness.",John Lee Hancock,"Michael Keaton, Nick Offerman, John Carroll Lynch, Linda Cardellini",PG-13,66,https://m.media-amazon.com/images/M/MV5BMzExNDg0MDk1M15BMl5BanBnXkFtZTgwNzE1Mjg0MDI@._V1_.jpg,184127,False
Tay Trống Cự Phách,2014,8.5,Whiplash,"Drama, Music",106,A promising young drummer enrolls at a cut-throat music conservatory where his dreams of greatness are mentored by an instructor who will stop at nothing to realize a student's potential.,Damien Chazelle,"Miles Teller, J.K. Simmons, Melissa Benoist, Paul Reiser",R,89,https://m.media-amazon.com/images/M/MV5BMmNkODhkYjctMDMyOC00ZTNjLTkwZTItM2ExMTAxMGU1ZGQ1XkEyXkFqcGc@._V1_.jpg,1022221,False
Những Kẻ Bên Lề,2011,8.5,Intouchables,"Comedy, Drama",112,"After he becomes a quadriplegic from a paragliding accident, an aristocrat hires a young man from the projects to be his caregiver.","Olivier Nakache, Éric Toledano","François Cluzet, Omar Sy, Anne Le Ny, Audrey Fleurot",R,57,https://m.media-amazon.com/images/M/MV5BMTYxNDA3MDQwNl5BMl5BanBnXkFtZTcwNTU4Mzc1Nw@@._V1_.jpg,947857,False
Nghệ Sĩ Dương Cầm,2002,8.5,The Pianist,"Biography, Drama, Music",150,"During WWII, acclaimed Polish musician Wladyslaw faces various struggles as he loses contact with his family. As the situation worsens, he hides in the ruins of Warsaw in order to survive.",Roman Polanski,"Adrien Brody, Thomas Kretschmann, Frank Finlay, Emilia Fox",R,85,https://m.media-amazon.com/images/M/MV5BMjEwNmEwYjgtNTk3ZC00NjljLTg5ZDctZTY3ZGQwZjRkZmQxXkEyXkFqcGc@._V1_.jpg,933937,False
Trở Về Tương Lai,1985,8.5,Back to the Future,"Adventure, Comedy, Sci-Fi",116,"Marty McFly, a 17-year-old high school student, is accidentally sent 30 years into the past in a time-traveling DeLorean invented by his close friend, the maverick scientist Doc Brown.",Robert Zemeckis,"Michael J. Fox, Christopher Lloyd, Lea Thompson, Crispin Glover",PG,87,https://m.media-amazon.com/images/M/MV5BZmM3ZjE0NzctNjBiOC00MDZmLTgzMTUtNGVlOWFlOTNiZDJiXkEyXkFqcGc@._V1_.jpg,1336406,False
Người Đàn Ông Thép,2013,7.1,Man of Steel,"Action, Adventure, Sci-Fi",143,An alien child is evacuated from his dying world and sent to Earth to live among humans. His peace is threatened when other survivors of his home planet invade Earth.,Zack Snyder,"Henry Cavill, Amy Adams, Michael Shannon, Diane Lane",PG-13,55,https://m.media-amazon.com/images/M/MV5BMTk5ODk1NDkxMF5BMl5BanBnXkFtZTcwNTA5OTY0OQ@@._V1_.jpg,820944,False
Thần Sấm Thor,2011,7.0,Thor,"Action, Fantasy",115,"The powerful but arrogant god Thor is cast out of Asgard to live amongst humans in Midgard (Earth), where he soon becomes one of their finest defenders.",Kenneth Branagh,"Chris Hemsworth, Anthony Hopkins, Natalie Portman, Tom Hiddleston",PG-13,57,https://m.media-amazon.com/images/M/MV5BNjRhNGZjZjEtYTQzYS00OWUxLThjNGEtMTIwMTE2ZDFlZTZkXkEyXkFqcGc@._V1_.jpg,914062,False
Trò Chơi Vương Quyền,2011,9.2,Game of Thrones,"Action, Adventure, Drama",60,"Nine noble families fight for control over the lands of Westeros, while an ancient enemy returns after being dormant for millennia.","David Benioff, D.B. Weiss","Emilia Clarke, Peter Dinklage, Kit Harington, Lena Headey",C18,0,https://m.media-amazon.com/images/M/MV5BOGY3NTg1ODMtOGIzZS00YWFiLTgzYzktNzBiYWZkYjcwNGRhXkEyXkFqcGc@._V1_.jpg,2352552,True
Tyler Rake: Nhiệm Vụ Giải Cứu,2020,6.8,Extraction,"Action, Crime, Thriller",116,"Tyler Rake, a fearless black market mercenary, embarks on the most deadly extraction of his career when he's enlisted to rescue the kidnapped son of an imprisoned international crime lord.",Sam Hargrave,"Chris Hemsworth, Bryon Lerum, Ryder Lerum, Rudhraksh Jaiswal",C18,56,https://m.media-amazon.com/images/M/MV5BNDBhMmI3OWYtZTA2Ny00Y2RjLTliMWQtYWY5MGIwN2RlZGFjXkEyXkFqcGc@._V1_.jpg,270126,False
Hãy Gọi Cho Saul,2015,9.0,Better Call Saul,"Crime, Drama",45,The trials and tribulations of criminal lawyer Jimmy McGill in the years leading up to and past his fateful run-in with Walter White and Jesse Pinkman.,"Vince Gilligan, Peter Gould","Bob Odenkirk, Rhea Seehorn, Jonathan Banks, Patrick Fabian",C18,0,https://m.media-amazon.com/images/M/MV5BMGY4MWIyMzAtMTA1OS00NDc3LWE2ZTktMTQ4NTZmZjIxZjgxXkEyXkFqcGc@._V1_.jpg,681875,True
Cuộc Phiêu Lưu Của Chàng Khờ,2019,7.6,The Peanut Butter Falcon,"Adventure, Comedy, Drama",97,"Zak, a man with down syndrome, runs away from a residential nursing home to pursue his dream of becoming a wrestler. Later, he meets with an outlaw who becomes his friend and coach.","Tyler Nilson, Michael Schwartz","Zack Gottsagen, Ann Pierce, Dakota Johnson, Bruce Dern",PG-13,70,https://m.media-amazon.com/images/M/MV5BYjgxZTE4NDctZTM1MC00YjIwLTk0MmMtNWFkZGUwMGE2ZjNhXkEyXkFqcGc@._V1_.jpg,108942,False
Chúa Tể Của Những Chiếc Nhẫn: Những Người Bạn Của Nhẫn,2001,8.9,The Lord of the Rings: The Fellowship of the Ring,"Action, Adventure, Drama",178,A meek Hobbit from the Shire and eight companions set out on a journey to destroy the powerful One Ring and save Middle-earth from the Dark Lord Sauron.,Peter Jackson,"Elijah Wood, Ian McKellen, Orlando Bloom, Sean Bean",P,92,https://m.media-amazon.com/images/M/MV5BNzIxMDQ2YTctNDY4MC00ZTRhLTk4ODQtMTVlOWY4NTdiYmMwXkEyXkFqcGc@._V1_.jpg,2048785,False
Hàm Cá Mập,1975,8.1,Jaws,"Adventure, Drama, Thriller",124,"When a massive killer shark unleashes chaos on a beach community off Long Island, it's up to a local sheriff, a marine biologist, and an old seafarer to hunt the beast down.",Steven Spielberg,"Roy Scheider, Robert Shaw, Richard Dreyfuss, Lorraine Gary",PG,87,https://m.media-amazon.com/images/M/MV5BYjViNDQzNmUtYzkxZi00NTk5LTljMmItYjJlZmZkODIxNjU1XkEyXkFqcGc@._V1_.jpg,676025,False
Kẻ Hủy Diệt,1984,8.1,The Terminator,"Action, Adventure, Sci-Fi",107,"A cyborg assassin from the future attempts to find and kill Sarah Connor, a waitress who is destined to give birth to a man who will save humankind from extinction.",James Cameron,"Arnold Schwarzenegger, Linda Hamilton, Michael Biehn, Paul Winfield",R,84,https://m.media-amazon.com/images/M/MV5BZmE0YzIxM2QtMGNlMi00MjRmLWE3MWMtOWQzMGVjMmU0YTFmXkEyXkFqcGc@._V1_.jpg,942107,False
Cuộc Đời Của Pi,2012,7.9,Life of Pi,"Adventure, Drama, Fantasy",127,"A young man who survives a disaster at sea is hurtled into an epic journey of adventure and discovery. While cast away, he forms an unexpected connection with another survivor: a fearsome Bengal tiger.",Ang Lee,"Suraj Sharma, Irrfan Khan, Adil Hussain, Tabu",P,79,https://m.media-amazon.com/images/M/MV5BNTg2OTY2ODg5OF5BMl5BanBnXkFtZTcwODM5MTYxOA@@._V1_.jpg,674624,False
7 Tội Lỗi Chết Người,1995,8.6,Se7en,"Crime, Drama, Mystery",127,"Two detectives, a rookie and a veteran, hunt a serial killer who uses the seven deadly sins as his motives.",David Fincher,"Morgan Freeman, Brad Pitt, Kevin Spacey, Andrew Kevin Walker",R,65,https://m.media-amazon.com/images/M/MV5BY2IzNzMxZjctZjUxZi00YzAxLTk3ZjMtODFjODdhMDU5NDM1XkEyXkFqcGc@._V1_.jpg,1841525,False
Người Vận Chuyển,2002,6.8,The Transporter,"Action, Crime, Thriller",92,"Frank Martin, who ""transports"" packages for unknown clients, is asked to move a package that soon begins moving, and complications arise.","Louis Leterrier, Corey Yuen","Jason Statham, Shu Qi, Matt Schulze, François Berléand",PG-13,51,https://m.media-amazon.com/images/M/MV5BMTk2NDc2MDAxN15BMl5BanBnXkFtZTYwNDc1NDY2._V1_.jpg,325274,False
Kong: Đảo Đầu Lâu,2017,6.7,Kong: Skull Island,"Action, Adventure, Fantasy",118,"After the Vietnam war, a team of scientists explores an uncharted island in the Pacific, venturing into the domain of the mighty Kong and must fight to escape a primal Eden.",Jordan Vogt-Roberts,"Tom Hiddleston, Samuel L. Jackson, Brie Larson, John C. Reilly",C13,62,https://m.media-amazon.com/images/M/MV5BMTcwMjcxYTQtYjJlOS00YTE1LWIyZGYtOGRlOTBlMWZmYTliXkEyXkFqcGc@._V1_.jpg,356148,False
Thời Khắc Sinh Tử,2011,6.7,In Time,"Action, Sci-Fi, Thriller",109,"In a future where people stop aging at 25, but are engineered to live only one more year, having the means to buy your way out of the situation is a shot at immortal youth. Will Salas is accused of murder and on the run with a hostage.",Andrew Niccol,"Justin Timberlake, Amanda Seyfried, Cillian Murphy, Olivia Wilde",PG-13,53,https://m.media-amazon.com/images/M/MV5BMjA3NzI1ODc1MV5BMl5BanBnXkFtZTcwMzI5NjQwNg@@._V1_.jpg,455983,False
Tập Làm Người Xấu,2008,9.5,Breaking Bad,"Crime, Drama, Thriller",45,A chemistry teacher diagnosed with inoperable lung cancer turns to manufacturing and selling methamphetamine with a former student to secure his family's future.,Vince Gilligan,"Bryan Cranston, Aaron Paul, Anna Gunn, Betsy Brandt",C18,0,https://m.media-amazon.com/images/M/MV5BMzU5ZGYzNmQtMTdhYy00OGRiLTg0NmQtYjVjNzliZTg1ZGE4XkEyXkFqcGc@._V1_.jpg,2216509,True
Tàn Cuộc,2012,7.6,End of Watch,"Action, Crime, Drama",109,"Shot documentary-style, this film follows the daily grind of two young police officers in LA who are partners and friends and what happens when they meet criminal forces greater than themselves.",David Ayer,"Jake Gyllenhaal, Michael Peña, Anna Kendrick, America Ferrera",R,68,https://m.media-amazon.com/images/M/MV5BMjMxNjU0ODU5Ml5BMl5BanBnXkFtZTcwNjI4MzAyOA@@._V1_.jpg,273646,False
Quý Ông Thế Giới Ngầm,2019,7.8,The Gentlemen,"Action, Crime",113,"An American expat tries to sell off his highly profitable marijuana empire in London, triggering plots, schemes, bribery and blackmail in an attempt to steal his domain out from under him.",Guy Ritchie,"Matthew McConaughey, Charlie Hunnam, Michelle Dockery, Jeremy Strong",C18,51,https://m.media-amazon.com/images/M/MV5BMjE2ZjQ4ZGMtZjFhMi00NmI5LTliNjEtODczMWMxNjliZjgxXkEyXkFqcGc@._V1_.jpg,416815,False
Jerry & Marge Go Large,2022,6.9,Jerry & Marge Go Large,"Biography, Comedy, Drama",96,"Based on the true story about long-married couple Jerry and Marge Selbee, who win the lottery and use the money to revive their small town.",David Frankel,"Bryan Cranston, Annette Bening, Rainn Wilson, Larry Wilmore",PG-13,52,https://m.media-amazon.com/images/M/MV5BMjUyMTM1ZjAtMmI5MS00MDhmLWI3MGEtMTU3ODM1MjgyZDMyXkEyXkFqcGc@._V1_.jpg,27588,False
Batman Đại Chiến Superman: Ánh Sáng Công Lý,2016,6.5,Batman v Superman: Dawn of Justice,"Action, Adventure, Sci-Fi",151,Batman is manipulated by Lex Luthor to fear Superman. Superman´s existence is meanwhile dividing the world and he is framed for murder during an international crisis. The heroes clash and force the neutral Wonder Woman to reemerge.,Zack Snyder,"Ben Affleck, Henry Cavill, Amy Adams, Jesse Eisenberg",C16,44,https://m.media-amazon.com/images/M/MV5BZTJkYjdmYjYtOGMyNC00ZGU1LThkY2ItYTc1OTVlMmE2YWY1XkEyXkFqcGc@._V1_.jpg,760122,False
Những Kẻ Khờ Mộng Mơ,2016,8.0,La La Land,"Comedy, Drama, Music",128,"While navigating their careers in Los Angeles, a pianist and an actress fall in love while attempting to reconcile their aspirations for the future.",Damien Chazelle,"Ryan Gosling, Emma Stone, Rosemarie DeWitt, J.K. Simmons",P,94,https://m.media-amazon.com/images/M/MV5BMzUzNDM2NzM2MV5BMl5BanBnXkFtZTgwNTM3NTg4OTE@._V1_.jpg,692435,False
Pawn Sacrifice,2014,7.0,Pawn Sacrifice,"Biography, Drama, History",115,"Set during the Cold War, American chess prodigy Bobby Fischer finds himself caught between two superpowers and his own struggles as he challenges the Soviet Empire.",Edward Zwick,"Tobey Maguire, Liev Schreiber, Peter Sarsgaard, Michael Stuhlbarg",PG-13,65,https://m.media-amazon.com/images/M/MV5BMTk0MDYxNTE0OV5BMl5BanBnXkFtZTgwODgyNjU3NTE@._V1_.jpg,50314,False
Đường Đến Xứ Sở Thần Tiên,2007,7.2,Bridge to Terabithia,"Drama, Family, Fantasy",96,"Leslie and Jess create the secret kingdom of Terabithia, a land of monsters, trolls, ogres and giants where they spend their free time ruling as king and queen and fighting evil creatures.",Gabor Csupo,"Josh Hutcherson, AnnaSophia Robb, Zooey Deschanel, Robert Patrick",P,74,https://m.media-amazon.com/images/M/MV5BMTMzOTk1MzIyN15BMl5BanBnXkFtZTcwNTM3MjczMQ@@._V1_.jpg,177055,False
Mặt Nạ Xanh,1994,6.9,The Mask,"Action, Comedy, Crime",101,Bank clerk Stanley Ipkiss is transformed into a manic superhero when he wears a mysterious mask.,Chuck Russell,"Jim Carrey, Cameron Diaz, Peter Riegert, Peter Greene",PG-13,59,https://m.media-amazon.com/images/M/MV5BNGNmNjI0ZmMtMzI5MC00ZjUyLWFlZDEtYjUyMGZlN2E3N2E2XkEyXkFqcGc@._V1_.jpg,431702,False
Hành Tinh Cát,2021,8.0,Dune: Part One,"Action, Adventure, Drama",155,A noble family becomes embroiled in a war for control over the galaxy's most valuable asset while its heir becomes troubled by visions of a dark future.,Denis Villeneuve,"Timothée Chalamet, Rebecca Ferguson, Zendaya, Oscar Isaac",C13,74,https://m.media-amazon.com/images/M/MV5BNWIyNmU5MGYtZDZmNi00ZjAwLWJlYjgtZTc0ZGIxMDE4ZGYwXkEyXkFqcGc@._V1_.jpg,907009,False
Đừng Nhìn Lên,2021,7.2,Don't Look Up,"Comedy, Drama, Sci-Fi",138,Two low-level astronomers must go on a giant media tour to warn humankind of an approaching comet that will destroy planet Earth.,Adam McKay,"Leonardo DiCaprio, Jennifer Lawrence, Meryl Streep, Cate Blanchett",C18,49,https://m.media-amazon.com/images/M/MV5BMjhhNWFjNzctYTJjOS00MDc0LThiNjItZmM0ZDVmMWViY2UzXkEyXkFqcGc@._V1_.jpg,618291,False
Ông bà Smith,2005,6.5,Mr. & Mrs. Smith,"Action, Comedy, Crime",120,"A husband and wife struggle to keep their marriage alive until they realize they are both secretly working as assassins. Now, their respective assignments require them to kill each other.",Doug Liman,"Brad Pitt, Angelina Jolie, Adam Brody, Vince Vaughn",PG-13,55,https://m.media-amazon.com/images/M/MV5BMTUxMzcxNzQzOF5BMl5BanBnXkFtZTcwMzQxNjUyMw@@._V1_.jpg,552269,False
8 Dặm,2002,7.2,8 Mile,"Drama, Music",110,"Follows a young rapper in the Detroit area, struggling with every aspect of his life; he wants to make it big but his friends and foes make this odyssey of rap harder than it may seem.",Curtis Hanson,"Eminem, Brittany Murphy, Kim Basinger, Mekhi Phifer",R,77,https://m.media-amazon.com/images/M/MV5BMzFhZDhjMDAtZWJlZS00ZWUyLWFlZGMtYTcwZjFlODcyMGE2XkEyXkFqcGc@._V1_.jpg,328556,False
Avengers: Đế Chế Ultron,2015,7.3,Avengers: Age of Ultron,"Action, Adventure, Sci-Fi",141,"When Tony Stark and Bruce Banner try to jump-start a dormant peacekeeping program called Ultron, things go horribly wrong and it's up to Earth's mightiest heroes to stop the villainous Ultron from enacting his terrible plan.",Joss Whedon,"Robert Downey Jr., Chris Evans, Mark Ruffalo, Chris Hemsworth",C13,66,https://m.media-amazon.com/images/M/MV5BODBhYTg1NGQtNGVmNS00ZTdiLThjYTYtZDFkNzRiNTZmNDZjXkEyXkFqcGc@._V1_.jpg,938526,False
The Boy Who Harnessed the Wind,2019,7.6,The Boy Who Harnessed the Wind,"Biography, Drama, History",113,"Against all the odds, a thirteen-year-old boy in Malawi invents an unconventional way to save his family and village from famine.",Chiwetel Ejiofor,"Chiwetel Ejiofor, Maxwell Simba, Felix Lemburo, Robert Agengo",TV-PG,68,https://m.media-amazon.com/images/M/MV5BNjM2OTg5MTA0OV5BMl5BanBnXkFtZTgwNTMyNTY0NzM@._V1_.jpg,46049,False
Trò Chơi Con Mực,2021,8.0,Ojing-eo geim,"Action, Drama, Mystery",60,"Hundreds of cash-strapped players accept a strange invitation to compete in children's games. Inside, a tempting prize awaits with deadly high stakes: a survival game that has a whopping 45.6 billion-won prize at stake.","Lee Jung-jae, Park Hae-soo, Nandito Hidayattullah Putra, Yasushi Iwaki",N/A,C18,0,https://m.media-amazon.com/images/M/MV5BYTYzMTlmNDctNmVkNS00YzRlLWE5MjAtODdjZWRkYzRlNWVlXkEyXkFqcGc@._V1_.jpg,571087,True
Tách Biệt,2016,7.3,Split,"Horror, Thriller",117,Three girls are kidnapped by a man with a diagnosed 23 distinct personalities. They must try to escape before the apparent emergence of a frightful new 24th.,M. Night Shyamalan,"James McAvoy, Anya Taylor-Joy, Haley Lu Richardson, Jessica Sula",C16,63,https://m.media-amazon.com/images/M/MV5BNTZjNmVjMzAtZjg2Mi00MWNmLTk5NTItOTExZDYwNTE2YmExXkEyXkFqcGc@._V1_.jpg,571567,False
Lamborghini: Phía Sau Huyền Thoại,2022,5.4,Lamborghini: The Man Behind the Legend,"Biography, Drama, Sport",97,"This thrilling, high-speed biopic reveals one man's dream of making the world's fastest car-and beating rival Enzo Ferrari.",Bobby Moresco,"Mira Sorvino, Frank Grillo, Gabriel Byrne, Eliana Jones",R,0,https://m.media-amazon.com/images/M/MV5BMmY3MDAyNDQtYmE2ZS00ZTBiLTgxZjctYTUwOGFjOThmMGU3XkEyXkFqcGc@._V1_.jpg,13894,False
Phi Vụ Triệu Đô,2017,8.2,La casa de papel,"Action, Crime, Drama",60,An unusual group of robbers attempt to carry out the most perfect robbery in Spanish history - stealing 2.4 billion euros from the Royal Mint of Spain.,Álex Pina,"Úrsula Corberó, Álvaro Morte, Itziar Ituño, Pedro Alonso",C18,0,https://m.media-amazon.com/images/M/MV5BZjkxZWJiNTUtYjQwYS00MTBlLTgwODQtM2FkNWMyMjMwOGZiXkEyXkFqcGc@._V1_.jpg,547790,True
Tôi Là Huyền Thoại,2007,7.2,I Am Legend,"Action, Drama, Horror",101,"Years after a plague kills most of humanity and transforms the rest into monsters, the sole survivor in New York City struggles valiantly to find a cure.",Francis Lawrence,"Will Smith, Alice Braga, Charlie Tahan, Salli Richardson-Whitfield",PG-13,65,https://m.media-amazon.com/images/M/MV5BMGE1OWZkZmItNmVhMC00YzAxLTgxOTctNjg3NWExM2RmOWJkXkEyXkFqcGc@._V1_.jpg,830162,False
Kẻ Đào Tẩu Kỳ Quái,2011,6.9,Paul,"Adventure, Comedy, Sci-Fi",104,Two English comic book geeks traveling across the U.S. encounter an alien outside Area 51.,Greg Mottola,"Simon Pegg, Nick Frost, Seth Rogen, Mia Stallard",R,57,https://m.media-amazon.com/images/M/MV5BOGIyZDNhODctYzg3ZS00YjVmLWE4NGEtYjM5OGM0MmQxYThmXkEyXkFqcGc@._V1_.jpg,269645,False
"Tôi, Người Máy",2004,7.1,"I, Robot","Action, Mystery, Sci-Fi",115,"In 2035, a technophobic cop investigates a crime that may have been perpetrated by a robot, which leads to a larger threat to humanity.",Alex Proyas,"Will Smith, Bridget Moynahan, Bruce Greenwood, Alan Tudyk",PG-13,59,https://m.media-amazon.com/images/M/MV5BZDdhNTY3YTgtYmQwMC00MjM1LTgzYzMtMGM1N2E0NWM1NDlkXkEyXkFqcGc@._V1_.jpg,584181,False
Thực Tập Sinh,2013,6.3,The Internship,Comedy,119,"Two salesmen whose careers have been torpedoed by the digital age find their way into a coveted internship at Google, where they must compete with a group of young, tech-savvy geniuses for a shot at employment.",Shawn Levy,"Vince Vaughn, Owen Wilson, Rose Byrne, Aasif Mandvi",PG-13,42,https://m.media-amazon.com/images/M/MV5BMjM1MzczMDgwOV5BMl5BanBnXkFtZTcwMDM4NjM2OQ@@._V1_.jpg,217307,False
Chú Rể Trình Làng,2000,7.0,Meet the Parents,"Comedy, Romance",108,"Chicago male nurse and chronic under-achiever Greg Focker meets his charming teacher girlfriend Pam Byrnes' parents Jack and Dina before proposing, but suspicious Jack is an overprotective former CIA agent - every date's worst nightmare.",Jay Roach,"Ben Stiller, Robert De Niro, Teri Polo, Blythe Danner",PG-13,73,https://m.media-amazon.com/images/M/MV5BZmE0MGI0OTctOGRlMy00MDdjLTg4M2EtNzFmZWNiNDhjYTgzXkEyXkFqcGc@._V1_.jpg,360905,False
Bố Vợ Đối Đầu Chàng Rể,2016,6.2,Why Him?,Comedy,111,A holiday gathering threatens to go off the rails when Ned Fleming realizes that his daughter's Silicon Valley millionaire boyfriend is about to pop the question.,John Hamburg,"Zoey Deutch, James Franco, Tangie Ambrose, Cedric The Entertainer",R,39,https://m.media-amazon.com/images/M/MV5BMjViYmEzYjMtZTUyZS00NGE5LThiYjYtYWJlZmEwZDI5NGViXkEyXkFqcGc@._V1_.jpg,126823,False
Đại Chiến Pixels,2015,5.6,Pixels,"Action, Comedy, Fantasy",105,"When aliens misinterpret video feeds of classic arcade games as a declaration of war, they attack the Earth in the form of the video games.",Chris Columbus,"Adam Sandler, Kevin James, Michelle Monaghan, Peter Dinklage",C13,27,https://m.media-amazon.com/images/M/MV5BMzIyNTc1NmUtOTBlNS00YzEwLTlkZTMtZjJkMGM2YzNkYmY3XkEyXkFqcGc@._V1_.jpg,163365,False
Đũa Mốc Chòi Mâm Son,2010,6.4,She's Out of My League,"Comedy, Romance",104,"An average Joe meets the perfect woman, but his lack of confidence and the influence of his friends and family begin to pick away at the relationship.",Jim Field Smith,"Jay Baruchel, Alice Eve, T.J. Miller, Mike Vogel",R,46,https://m.media-amazon.com/images/M/MV5BMTkwMTY5ODA1MF5BMl5BanBnXkFtZTcwODYyNzAxMw@@._V1_.jpg,146876,False
Hội Cố Thi Nhân,1989,8.1,Dead Poets Society,"Comedy, Drama",128,"Maverick teacher John Keating returns in 1959 to the prestigious New England boys' boarding school where he was once a star student, using poetry to embolden his pupils to new heights of self-expression.",Peter Weir,"Robin Williams, Robert Sean Leonard, Ethan Hawke, Josh Charles",PG,79,https://m.media-amazon.com/images/M/MV5BMDYwNGVlY2ItMWYxMS00YjZiLWE5MTAtYWM5NWQ2ZWJjY2Q3XkEyXkFqcGc@._V1_.jpg,563547,False
Harry Potter và Hòn Đá Phù Thủy,2001,7.6,Harry Potter and the Sorcerer's Stone,"Adventure, Family, Fantasy",152,"An orphaned boy enrolls in a school of wizardry, where he learns the truth about himself, his family and the terrible evil that haunts the magical world.",Chris Columbus,"Daniel Radcliffe, Rupert Grint, Emma Watson, Richard Harris",P,65,https://m.media-amazon.com/images/M/MV5BNTU1MzgyMDMtMzBlZS00YzczLThmYWEtMjU3YmFlOWEyMjE1XkEyXkFqcGc@._V1_.jpg,874289,False
Chiến Binh Báo Đen,2018,7.3,Black Panther,"Action, Adventure, Sci-Fi",134,"T'Challa, heir to the hidden but advanced kingdom of Wakanda, must step forward to lead his people into a new future and must confront a challenger from his country's past.",Ryan Coogler,"Chadwick Boseman, Michael B. Jordan, Lupita Nyong'o, Danai Gurira",C16,88,https://m.media-amazon.com/images/M/MV5BMTg1MTY2MjYzNV5BMl5BanBnXkFtZTgwMTc4NTMwNDI@._V1_.jpg,852420,False
